{
  "user_interaction_la_wildfires_2025": {
    "basic_stats": {
      "nodes": 718,
      "edges": 33386,
      "density": 0.12970322801210554,
      "is_connected": false
    },
    "degree_stats": {
      "avg_degree": 92.99721448467966,
      "max_degree": 332,
      "degree_std": 39.73316280167225
    },
    "clustering": {
      "avg_clustering": 0.9893361276629684,
      "transitivity": 0.9462871693299482
    },
    "path_lengths": {
      "avg_shortest_path": 2.2163827537080576,
      "diameter": 3
    },
    "communities": {
      "num_communities": 0,
      "modularity": 0
    }
  },
  "content_similarity_la_wildfires_2025": {
    "basic_stats": {
      "nodes": 1336,
      "edges": 9832,
      "density": 0.011025140729776402,
      "is_connected": false
    },
    "degree_stats": {
      "avg_degree": 14.718562874251496,
      "max_degree": 107,
      "degree_std": 16.065690831295285
    },
    "clustering": {
      "avg_clustering": 0.4077316821288954,
      "transitivity": 0.43535223367697595
    },
    "path_lengths": {
      "avg_shortest_path": 3.6879126503454747,
      "diameter": 10
    },
    "communities": {
      "num_communities": 0,
      "modularity": 0
    }
  },
  "temporal_la_wildfires_2025": {
    "basic_stats": {
      "nodes": 1336,
      "edges": 3239,
      "density": 0.0018160308596290565,
      "is_connected": false
    },
    "degree_stats": {
      "avg_in_degree": 2.4244011976047903,
      "avg_out_degree": 2.4244011976047903,
      "max_in_degree": 23,
      "max_out_degree": 25
    },
    "path_lengths": {
      "avg_shortest_path": 0,
      "diameter": 0
    }
  },
  "subreddit_la_wildfires_2025": {
    "basic_stats": {
      "nodes": 14,
      "edges": 21,
      "density": 0.23076923076923078,
      "is_connected": false
    },
    "degree_stats": {
      "avg_degree": 3.0,
      "max_degree": 7,
      "degree_std": 2.4784787961282104
    },
    "clustering": {
      "avg_clustering": 0.38503401360544215,
      "transitivity": 0.5294117647058824
    },
    "path_lengths": {
      "avg_shortest_path": 1.5777777777777777,
      "diameter": 3
    },
    "communities": {
      "num_communities": 0,
      "modularity": 0
    }
  }
}